Region,Country
Americas,Argentina
Oceania,Australia
Europe,Austria
Asia,Bangladesh
Europe,Belarus
Europe,Belgium
Europe,Bosnia And Herzegovina
Americas,Brazil
Europe,Bulgaria
Americas,Canada
Americas,Chile
Asia,China
Americas,Colombia
Europe,Croatia
Europe,Czech Republic
Europe,Denmark
Africa,Egypt
Europe,Estonia
Europe,Finland
Europe,France
Europe,Georgia
Europe,Germany
Europe,Greece
Asia,Hong Kong
Europe,Hungary
Europe,Iceland
Asia,India
Asia,Indonesia
Asia,Iran
Europe,Ireland
Asia,Israel
Europe,Italy
Europe,Japan
Asia,Jordan
Asia,Kazakhstan
Asia,Lebanon
Europe,Lithuania
Europe,Macedonia
Asia,Malaysia
Americas,Mexico
Europe,Moldova
Europe,Netherlands
Oceania,New Zealand
Europe,Norway
Asia,Pakistan
Americas,Peru
Asia,Philippines
Europe,Poland
Europe,Portugal
Asia,Qatar
Europe,Romania
Europe,Russia
Asia,Saudi Arabia
Europe,Serbia
Asia,Singapore
Europe,Slovakia
Europe,Slovenia
Africa,South Africa
Europe,Spain
Asia,Sri Lanka
Europe,Sweden
Europe,Switzerland
Asia,Taiwan
Asia,Thailand
Europe,Turkey
Europe,Ukraine
Asia,United Arab Emirates
Europe,United Kingdom
Americas,United States
Americas,Uruguay
Asia,Vietnam
